edge_id,edge_name,mechanism,asset_class,instruments,timeframe,holding_period,trades_per_month,win_rate,profit_factor,expectancy_R,Sharpe,max_drawdown,worst_day,OOS_windows_profitable,OOS_windows_total,permutation_percentile,cost_break_even,parameter_stability,status,notes
E01,Time-Series Momentum (TSM),Trend continuation via trailing return sign,Multi-asset (indices+FX),13-instrument universe,Daily,Multi-day,,,,+22.45 R (lifetime),,,,2,4,85.6,,Long-side only,WATCHLIST,"2025 alone contributed +74.83R of the +22.45R lifetime total - other 10 years combined net negative (~-52.38R). Long PF 1.19 vs Short PF 0.82 (asymmetric). FX asset class net loser (PF 0.88). Permutation 85.6th pctile (not conventionally significant at 95%). Fails Gate 4 (2/4 OOS windows losing) and Gate 3 (single-year concentration). Not currently a portfolio candidate as formulated; would need reformulation (long-only? ex-FX?) and fresh pre-registration, not further tuning of this version."
E02,Pre-Scheduled-Event Drift (Alpha02),Pre-positioning ahead of known scheduled uncertainty resolution (Lucca & Moench-style),Equity indices + 2 FX crosses,13-instrument universe,24h pre-event window,~24h,~1400/month (pooled),50.5%,1.04,+2547.27 R (pooled),0.0136,-2424.79R (cum R),up to -21.33% (cluster-sized month),2,3,100,~+50% cost stress (breaks between 1.8x-2.25x total mult),Direction is fixed/unconditional (no free parameter to overfit),WATCHLIST,"Permutation test decisive: real PF 1.037 beats 100/100 random-reanchor nulls - phenomenon is statistically real, not generic drift. BUT: fails cost-stress robustness (flips negative >=BASE+50%), Discovery period (majority of history) was net negative, wild year-to-year swings (2021 +1326R vs 2022 -1761R). Per explicit instruction: NOT accepted into edge library as currently implemented. Do NOT optimise this implementation. The underlying event-anchoring phenomenon may justify a fresh, independently pre-registered hypothesis later (e.g. equity-index-only subset, chosen for economic reasons, not PF-chasing)."
E03a,Cross-Asset Lead-Lag - USDINDEX to Indices,USD strength/weakness predicts next-day equity index direction,Equity indices,11 indices,Daily,~1 day,,,0.65,,,,worst month -15.20%,1,3,,,,REJECTED,"Descriptive finding (11/11 indices same-direction pattern) was real but built on USDINDEX's thin real broker history (~17mo). As a costed strategy: PF 0.65, ALL 11 instruments losing, only 1/17 months profitable. Decisive rejection. Root cause: descriptive signal was likely a few correlated macro days, not a robust multi-year relationship."
E03b,Cross-Asset Lead-Lag - GOLD to Metals,Gold's daily move predicts SILVER/PALLADIUM/PLATINUM next-day direction (follow, not fade),Metals,"GOLD,SILVER,PALLADIUM,PLATINUM",Daily,~1 day,,,0.55,,,,-125.95% (month, reporting artifact from uncorrected cluster risk),1,17,,,,REJECTED,"Deeper data foundation than USDINDEX leg but worse result: PF 0.55, 16/17 windows losing, all 3 metals losing individually (SILVER PF 0.39, PALLADIUM PF 0.58, PLATINUM PF 0.74). Both legs of alpha03 CLOSED per explicit prior instruction - no further alpha03 research time."
E04,Cross-Timezone Equity Index Lead-Lag,"Sequential price discovery: most-recently-active market's session return predicts next region's open reaction",Equity indices,"SP500,AUS200,JP225,HK50,DAX",Daily,Session-to-open,,,,,,,,,,,,REJECTED,"3 genuine closed-market handoff cases tested (SP500->AUS200, SP500->JP225, JP225->DAX): all near-zero full-history correlation (|corr|<0.03), sign-flips between Validation and Final-OOS in every case. Rejected at Gate 1 (descriptive stage) - no stable relationship at any horizon 5m-full session. One side case (DAX pre-US-open overlap momentum into SP500 open) showed a more consistent signature but is a DIFFERENT phenomenon (overlap momentum, not closed-handoff lead-lag) and decayed to near-zero in Final OOS - flagged as a possible separate future hypothesis, not a rescue."
E05,Cointegrated Index Spreads (Stat-Arb),Mean-reversion in the cointegrated residual between correlated index pairs,Equity indices,"DAX,EU50,FRA40,NAS100,SP500,US30,UK100,US2000 (10 pairs tested)",Daily,Formation-dependent,,,,,,,,,,,,REJECTED,"9/10 candidate pairs showed no formal Engle-Granger cointegration, including the highest-correlation pairs (DAX-EU50 corr 0.976, NAS100-SP500 corr 0.991, SP500-US30 corr 0.992) - correlation is not cointegration. The 1 marginal pass (UK100-DAX, ADF -3.403 vs -3.34 5% crit) failed decisively out-of-sample: half-life exploded from 21.9 days (formation) to 555.5 days (fixed hedge ratio applied forward) - not tradeable. Rejected at Gate 1 (screening stage)."
E06,Liquidity/Illiquidity Premium (Corwin-Schultz),Amihud-style: instruments/days with higher estimated bid-ask spread earn a subsequent-return premium,13-instrument universe,13-instrument universe,Daily,1 day,,,,,,,,,,,,,REJECTED,"Cross-sectional Amihud test (primary, most literature-faithful test): null. -1.38bp mean spread, t-stat -0.86, wrong average sign, flips between periods. Time-series test: small, mostly sign-unstable correlations per instrument (one exception, HK50, not enough alone - 1/13 untargeted instruments is within multiple-comparison noise). CS-spread vs Roll-spread rank agreement confirmed the estimator itself works (universally positive rank corr across all 13 instruments) - the null result is about the hypothesis, not a broken tool. Matches literature caveats flagged in advance (spread proxy != volume-scaled Amihud measure; limited illiquidity dispersion in our universe)."
E07,Cross-Sectional Momentum,Rank instruments by trailing return; go long winners / short losers,Multi-asset,13-instrument universe,Daily-ish,,,,0.99,,,,,,,,,,REJECTED,"Overall PF 0.99 (breakeven-to-losing), holdout sample too thin (N=49), 3/4 windows losing. Rejected earlier in this research programme."
E08,Cross-Sectional Reversal,Rank instruments by trailing return; go long losers / short winners,Multi-asset,13-instrument universe,Daily-ish,,,,,,,,,,,,,,REJECTED,"Tested earlier in this research programme; result was weak/negative (specific final metrics not retained in current context after conversation compaction - see git history for the actual script/output if precise numbers are needed before excluding it from any future independence check)."
E09,News/Economic-Release Breakout,Breakout trade triggered around scheduled high-impact calendar releases,Equity indices,Multi-instrument (see news_breakout_indices_ftmo.py),Intraday,Short (breakout-style),,,,,,,,,,,,,WATCHLIST,"Referenced during this research programme as the most honest available answer to 'could anything pass FTMO quickly' - Monte Carlo pass rate ~30-46% (real but not strong odds). Has a known and already-fixed cluster-risk-sizing bug (risk split across simultaneous same-event trades). Specific current PF/trades-per-month not retained in current context after conversation compaction - needs a fresh look before final library classification; kept as WATCHLIST rather than dropped or upgraded."
E10,M1 Candlestick Patterns (Inside Bar / Pin Bar / generic displacement),Price-action pattern recognition,Multi-instrument,Multi-instrument,M1,Short,,,,,,,,,,,,,REJECTED,"Rejected in earlier session (pre-compaction). Detailed metrics not retained in current context - do not resurrect without re-deriving from scratch per the standing instruction not to remix rejected families."
E11,Generic Breakout / ORB / Previous-Day Breakout / Donchian,Range or prior-extreme breakout,Multi-instrument,Multi-instrument,Intraday,Short,,,,,,,,,,,,,REJECTED,"Rejected in earlier session (pre-compaction). Detailed metrics not retained in current context."
E12,ATR Expansion,Volatility-expansion breakout trigger,Multi-instrument,Multi-instrument,Intraday,Short,,,,,,,,,,,,,REJECTED,"Rejected in earlier session (pre-compaction). Detailed metrics not retained in current context."
E13,EMA Trend Following,Moving-average trend filter/entry,Multi-instrument,Multi-instrument,Multi-timeframe,Multi-day,,,,,,,,,,,,,REJECTED,"Rejected in earlier session (pre-compaction). Detailed metrics not retained in current context."
E14,Generic Intraday Mean Reversion / Bollinger+RSI,Oscillator-based single-instrument mean reversion,Multi-instrument,Multi-instrument,Intraday,Short,,,,,,,,,,,,,REJECTED,"Rejected in earlier session (pre-compaction). Detailed metrics not retained in current context."
E15,M5 Scalping,High-frequency short-hold scalping,Multi-instrument,Multi-instrument,M5,Very short,,,,,,,,,,,,,REJECTED,"Rejected in earlier session (pre-compaction). Detailed metrics not retained in current context."
E16,H4 Supply/Demand Zones,Zone-based reversal trading,Multi-instrument,Multi-instrument,H4,Multi-day,,,,,,,,,,,,,REJECTED,"Rejected in earlier session (pre-compaction). Detailed metrics not retained in current context."
E17,Naive ML / Triple-Barrier ML,Machine-learned direction classifier,Multi-instrument,Multi-instrument,Various,Various,,,,,,,,,,,,,REJECTED,"Rejected in earlier session (pre-compaction) including a triple-barrier labeling variant. Detailed metrics not retained in current context."
E18,AUD/USD Cross-Pair Directional Strategy,Directional cross-pair positioning,FX,AUDUSD-related crosses,Daily,Multi-day,,,,,,,,,,,,,REJECTED,"Explicitly closed out prior to this conversation's start per the fresh-alpha-direction directive. Not to be resurrected."
E19,COT Commercial Net Positioning -> SP500 Forward Returns,Institutional/hedger positioning as a directional signal (CFTC COT),US equity indices,"SP500 (primary), NAS100/US30/US2000 (generalization check)",Weekly signal,1-4 weeks,4.3,49.3%,0.86,-43.51 R (4w SP500 NET base cumulative),-0.0552,,,0,3,19.4,Already negative at GROSS/BASE - fails before any stress needed,"Not a stable plateau (104w PF0.81, 130w PF0.85, 156w[pre-reg] PF0.86, 182w PF1.02, 208w PF0.98)",REJECTED,"Gate 1 (descriptive) PASSED: real, positive, monotonic-with-horizon correlation (0.018/0.033/0.044 at 1/2/4wk), strengthening in Validation+FinalOOS vs flat Discovery. Gates 2-7 FAILED: the simplest symmetric long/short executable expression (direction=sign(z)) loses money at every horizon (1w/2w/4w) and every cost level incl. GROSS for SP500, all 3 D/V/OOS periods net-negative-to-mixed at 4wk, permutation test shows real result BELOW the null median (19-42th percentile, not just insignificant), parameter sweep shows no stable profitable plateau around the pre-registered 156-week lookback. Root cause diagnosed (not acted on, since instructed not to modify after seeing results): S&P 500 buy-and-hold returned +11.69%/yr over the test window and the z-score split is ~51/49 long/short, so the symmetric short leg structurally fights a strong secular equity drift roughly half the time - likely swamping the genuine but small Gate-1 correlation. Generalization to NAS100/US30/US2000 (unmodified construction): same pattern, inconsistent/mostly losing with high period-to-period variance (e.g. US30 4wk Validation R=-50.16 vs Final OOS R=+37.00). REJECTED as a standalone edge. The underlying positioning phenomenon may still be real (Gate 1 evidence is genuine) - a future FRESH pre-registration (e.g. long-only conviction-weighted, not symmetric long/short) could test that, but this is not a modification of E19, it would be a new edge_id if pursued."
E20,Yield Curve Slope (T10Y3M) -> SP500 Forward Returns,Macro regime: flat/inverted curve signals recession risk,US equity indices,SP500,Daily signal,1-4 weeks,,,,,,,,,0,3,,,,REJECTED,"Gate 1 (descriptive) FAILED, rejected before any strategy/cost/permutation work. Predicted direction (pre-registered): POSITIVE correlation (steep curve bullish). Actual: NEGATIVE correlation at all 3 horizons (1w -0.047, 2w -0.066, 4w -0.087), growing monotonically more negative with horizon - opposite sign, not noise-near-zero. By period (4wk): Discovery -0.178, Validation +0.147, Final OOS -0.074 - sign-unstable in addition to wrong full-history sign. Explicitly did NOT flip the predicted sign post-hoc despite a reversed hypothesis showing a cleaner full-history pattern (that would be exactly the p-hacking pre-registration exists to prevent), and the period instability means even a reversed version wouldn't cleanly pass either (Validation contradicts it). Matches the honest counter-evidence already flagged pre-test: Fama-French found no reliable evidence that yield curve inversions predict equity underperformance."
E21,Interest Rate Differential (Carry) -> AUDCAD/AUDNZD,UIP failure / forward premium puzzle (carry trade),FX,"AUDCAD, AUDNZD",Monthly signal,1-3 months,,,,,,,,,0,3,,,,REJECTED,"Gate 1 FAILED for both instruments, rejected before any strategy/cost/permutation work. Predicted direction: POSITIVE (higher AU rate differential -> AUD appreciation). AUDCAD: full-history correlation NEGATIVE at all 3 horizons (-0.024/-0.022/-0.026, essentially flat/tiny), opposite predicted sign; 2/3 periods (Validation +0.098, Final OOS +0.077) lean predicted direction weakly but Discovery (-0.106, largest N) dominates and flips full history. AUDNZD: full-history correlation technically positive but negligible (+0.019/+0.005/+0.019); Validation period swings hard opposite (-0.265, largest-magnitude number in the whole test) - not reasonably stable. Neither instrument shows a relationship distinguishable from noise in magnitude or stable in sign despite this candidate having the strongest, most consistently-supported academic mechanism (forward premium puzzle) of any candidate tested so far - a reminder that strong theoretical support does not guarantee the effect is present/detectable/tradeable in this specific instrument set and window."
E22,COT Speculator (Non-Commercial) Positioning Extremes -> SP500 Reversal,Fade-the-crowd: extreme speculative positioning predicts reversal,US equity indices,"SP500 (primary), NAS100/US30/US2000 (generalization)",Weekly signal,1-4 weeks,4.3,49.0%,0.86,-44.04 R (4w SP500 NET base cumulative),-0.0558,,,0,3,17.8,Already negative at GROSS/BASE,"Not a stable plateau (104w PF0.81, 130w PF0.82, 156w[pre-reg] PF0.86, 182w PF0.96, 208w PF1.05)",REJECTED,"Gate 1 (descriptive) PASSED cleanly: negative correlation at all 3 horizons (-0.016/-0.032/-0.040), ALL THREE periods matching predicted sign (Discovery -0.022, Validation -0.063, Final OOS -0.041) - arguably cleaner than E19s Gate 1. Gates 2-7 FAILED, closely mirroring E19: SP500 loses at every horizon/cost level, D/V/OOS mostly negative, permutation test 17.8-42.6th percentile (below null median), parameter sweep shows no stable plateau around pre-registered 156w. Generalization: NAS100 shows a superficially positive full-history number but its entirely Validation-period-driven (2w PF1.42/4w PF1.71) while Final OOS actually loses (2w PF0.84/4w PF0.85) - concentration red flag not confirmation. US30/US2000 both net-lose. Together with E19, this is the second COT-positioning candidate (opposite trader category, opposite predicted direction) to pass Gate 1 but fail Gates 2-7 identically - strong evidence the symmetric long/short construction structurally fights secular US equity drift regardless of which COT category drives the signal. This is a general observation for future candidate design (e.g. any COT hypothesis on trending US equities may need a long-only or drift-adjusted construction from the start), not something applied retroactively to E19/E22."
E23,COT Speculator Positioning FLOW (week-over-week change) -> SP500,Fresh positioning flow / momentum-chasing pressure,US equity indices,SP500,Weekly signal,1-4 weeks,,,,,,,,,,,,,,REJECTED,"Gate 1 FAILED. Predicted direction: POSITIVE (fresh net buying flow -> continuation). Full-history correlation positive at all 3 horizons but decaying toward zero as horizon lengthens (1w +0.036, 2w +0.024, 4w +0.003) - opposite pattern from E19/E22 which strengthened with horizon. At 4-week (the standard period-breakdown horizon), Discovery is opposite-signed (-0.081, largest single-period N=341) while Validation/Final OOS are only weakly positive (+0.04 each) - full history barely positive and not reasonably stable. Rejected at Gate 1, no Gate 2-7 work performed. Genuinely different construction from E19/E22 (rate of change vs level) but same data source and same weak outcome."
